Workbook

Sheet Home 
F2: Last updated | G2: 46087
B3: Name of the Company | C3: BANZOTA PTE. LTD.
B4: UEN No. | C4: 202613040H
B5: Company Type | C5: Private Company Limited by shares
B6: Primary Activity | C6: 46900 – Wholesale trade of a variety of goods without a dominant product
B7: Secondary Activity | C7: 62090 Other information technology and computer service activities
B8: Registered Office Address | C8: 10 Anson Road , #16-04, International Plaza,Singapore 079903
B10: Last AGM Date | C10: NA
B11: FYE of FS Laid at AGM | C11: 46387
B12: Date of Annual return | C12: NA
B13: XBRL Prepared | C13: NA
B15: Summary of Transactions
B16: Date | C16: Transaction Description | D16: Lodged by | E16: Lodged Date | F16: Notes
C17: Apply for Company name | J17: Primary activity
C18: Incorporation of Company
C19: RORC Update

Sheet AML_Review
A1: Reviwed On | B1: Name | C1: AML1 | D1: AML2 | E1: CDD | F1: Google Search | G1: Bank Statement | H1: ND-ANU

Sheet Directors
A2: ='Home '!C3 -> BANZOTA PTE. LTD.
A3: ='Home '!C4 -> 202613040H | G3: ='Home '!F2 -> Last updated | H3: ='Home '!G2 -> 46087
A5: Register of Directors
A7: Name | B7: Former name, if any / Aliases | C7: NRIC NO./ Passport No./ Fin No. | D7: Date of Birth | E7: Passport Expiry | F7: Nationality | G7: Address | H7: Date of Appointment | I7: Date of Cessation | J7: Mobile | K7: email
A8: NGUYEN HUNG GIANG | B8: NONE | C8: P01393809 | D8: 37408 | E8: 48620 | F8: Vietnam | G8: 319 AN DUONG VUONG,P.PHU THUONG,Q.TAY HO,TP.HA NOI | H8: 46105 | J8: (+84) 985 013 632 | K8: giangnh@skysolution.com
A10: Register of Nominee Directors
A11: Name | B11: Former name, if any / Aliases | C11: ID card/ Passport | D11: Date of Birth | E11: Passport Expiry | F11: Nationality | G11: Address | H11: Date of Appointment | I11: Date of Cessation
A12: TANGATURU SUBRAMANIAN ANNAPOORANA | B12: NONE | C12: S8061258C | D12: 29458 | E12: NRIC | F12: INDIAN | G12: 234, #02-494,COMPASSVALE WALK,SENGKANG 540234 | H12: 46105
A17: Name | B17: NRIC NO./ Passport No./ Fin No. | C17: Position | D17: Nationality | E17: Address | F17: Mobile | G17: email | H17: Authrised signatory
A18: NGUYEN HUNG GIANG | B18: P01393809 | C18: Director | D18: Vietnam | E18: 319 AN DUONG VUONG,P.PHU THUONG,Q.TAY HO,TP.HA NOI | F18: (+84) 985 013 632 | G18: giangnh@skysolution.com | H18: Yes
A19: TANGATURU SUBRAMANIAN ANNAPOORANA | B19: S8061258C | C19: Nominee Director | D19: Indian | E19: 234, #02-494,COMPASSVALE WALK,SENGKANG 540234 | F19: 81753514 | G19: anu@globalisor.com | H19: No - Nominee

Sheet Secretaries
A2: =Directors!A2 -> BANZOTA PTE. LTD. | F2: ='Home '!F2 -> Last updated | G2: ='Home '!G2 -> 46087
A3: ='Home '!C4 -> 202613040H
A5: Register of Secretaries
A7: Name | B7: Any Former name / Aliases | C7: ID card/ Passport | D7: Nationality | E7: Address | F7: Date of Appointment | G7: Date of Resignation | H7: Form 45B
A8: PIYUSH KUMAR CHAPLOT | B8: NONE | C8: S7980739G | D8: Singapore Citizen | E8: 3 Rhu Cross #13 - 12, Costa Rhu, Singapore 437433 | F8: 46105

Sheet Auditors
A2: ='Home '!C3 -> BANZOTA PTE. LTD. | E2: ='Home '!F2 -> Last updated | F2: ='Home '!G2 -> 46087
A3: ='Home '!C4 -> 202613040H
A5: Register of Auditors
A7: Name of the Firm | B7: Identification No. | C7: Address | D7: Date of Appointment | E7: Date of Resignation | F7: Notes

Sheet Members
A2: ='Home '!C3 -> BANZOTA PTE. LTD. | F2: ='Home '!F2 -> Last updated | G2: ='Home '!G2 -> 46087
A3: ='Home '!C4 -> 202613040H
A5: Register of Members - Ordinary shares
A7: S. No. | B7: Name of Member | C7: NRIC No. Passport No. Fin No. | D7: Nationality / Place of Incorporation | E7: Address | F7: Date Entered as Member | G7: Date Ceased to be a Member | H7: Email | I7: MOBILE
A8: 1 | B8: BETTAMAX PTE. LTD. | C8: 202519745Z | D8: Singapore | E8: 10 Anson Road , #16-04, International Plaza,Singapore 079903 | F8: 46105
A13: Share Ledger - Ordinary Shares
C15: Acquired / (Transferred)
A16: S. No. | B16: Name of Member | C16: Date | D16: Share Certificate Number | E16: Number of Shares | F16: Consideration (SGD) | G16: Notes
A17: 1 | B17: BETTAMAX PTE. LTD. | D17: 1 | E17: 5000 | F17: 5000
C21: Total Ordinary | E21: =SUM(E17:E20) -> 5000 | F21: =SUM(F17:F20) -> 5000

Sheet Controllers
B2: ='Home '!C3 -> BANZOTA PTE. LTD.
B3: ='Home '!C4 -> 202613040H | H3: ='Home '!F2 -> Last updated | I3: ='Home '!G2 -> 46087
B5: Register of Controllers / Ultimate Beneficial owners (UBOs)
B7: Date of Entry | C7: Name of Controller | D7: Any Former name / Aliases | E7: NRIC No. Passport No. Fin No. | F7: Nationality | G7: Date of Birth | H7: Address | I7: Remarks / Notes | J7: Mobile | K7: Email | L7: pp expiry
B8: 46105 | C8: BETTAMAX PTE. LTD. | D8: none | E8: 202519745Z | F8: SINGAPORE | G8: 45784 | H8: 10 Anson Road , #16-04, International Plaza,Singapore 079903

Sheet RONS
C2: ='Home '!C3 -> BANZOTA PTE. LTD. | G2: ='Home '!F2 -> Last updated | H2: ='Home '!G2 -> 46087
C3: ='Home '!C4 -> 202613040H
B5: Register of Nominee Shareholder (RONS)
C6: NIL
B9: Date of Entry | C9: Nominee | D9: Nominator
D10: Name | E10: Any Former name / Aliases | F10: NRIC/ Passport/Fin No. * | G10: Nationality | H10: Date of Birth | I10: Address** | J10: Remarks / Notes
C16: * Please ensure that a copy of ID proof is collected and filed
C17: ** Please ensure that a copy of latest address proof is collected and filed

Sheet Allotments
A2: ='Home '!C3 -> BANZOTA PTE. LTD.
A3: ='Home '!C4 -> 202613040H | I3: ='Home '!F2 -> Last updated | J3: ='Home '!G2 -> 46087
I4: ='Home '!F3 -> 0
A5: Register of Applications and Allotments
A7: Class of Shares : Ordinary
A9: Date of Application | B9: Date of Allotment | C9: Name, address and description of Applicant | D9: Number of shares applied for | E9: Currency | F9: Amount of Deposit | G9: Amount in respect of Shares Allotted | H9: Further Amount Payable | I9: Certificate No. | J9: Notes
A10: 46105 | B10: 46105 | C10: BETTAMAX PTE. LTD. | D10: 5000 | E10: sgd | F10: 0 | G10: 5000 | H10: 5000 | I10: 1 | J10: Yet to draft
A23: Class of Shares : Preferred
A25: Date of Application | B25: Date of Allotment | C25: Name, address and description of Applicant | D25: Number of shares applied for | E25: Currency | F25: Amount of Deposit | G25: Amount in respect of Shares Allotted | H25: Further Amount Payable | I25: Certificate No. | J25: Notes

Sheet Transfers
A2: ='Home '!C3 -> BANZOTA PTE. LTD.
A3: ='Home '!C4 -> 202613040H | F3: ='Home '!F2 -> Last updated | G3: ='Home '!G2 -> 46087
A5: Register of Transfers
A7: Class of Shares: Ordinary Shares
A8: Date of Transfer | B8: Transferor | E8: Transferee
B9: Name | C9: Certificate No. | D9: Number of shares Transferred | E9: Name, Address and Description | F9: Certificate No. | G9: Price or consideration per share
A18: Class of Shares: Preference Shares
A19: Date of Transfer | B19: Transferor | E19: Transferee
B20: Name | C20: Certificate No. | D20: Number of shares Transferred | E20: Name, Address and Description | F20: Certificate No. | G20: Price or consideration per share

Sheet Register of Directors Sh
B2: ='Home '!C3 -> BANZOTA PTE. LTD.
B3: ='Home '!C4 -> 202613040H | J3: ='Home '!F2 -> Last updated | K3: ='Home '!G2 -> 46087
B5: Register of Directors' Shareholdings
B7: Name of Director | C7: Stock-Shares-Debentures | F7: How held | G7: Interest of right acquired | I7: Cessation of interest or right | K7: If required by director, details of nature and extent of interest or right
C8: Number | D8: Description | E8: Amount (USD) | F8: (i.e. holder; in trust; right to become holder) | G8: Date of agreement | H8: Price or consideration per share | I8: Date of agreement | J8: Price or consideration per share

Sheet Charges 
A2: ='Home '!C3 -> BANZOTA PTE. LTD.
A3: ='Home '!C4 -> 202613040H | G3: ='Home '!F2 -> Last updated | H3: ='Home '!G2 -> 46087
A5: Register of Charges
A7: Date of Charge | B7: Date of Registration | C7: Registration No. | D7: Charge Instrument | E7: The Names of the persons entitled to the charge | F7: Total Principal Secured | G7: Description of Property charged | H7: Date of Discharge
A8: None
